Adoucisseur d&#39;eau;1
Alarme;0
Antenne et Satellite;0
Arrosage automatique;1
Ascenseur;0
Carrelage;3
Chambre Froide;0;1
Charpente en bois;3
Chaudière;1
Chauffe eau / solaire;1
Climatisation;1;0
Cloture;3
Combles;3
Murs;3
Construction Bois;4
Construction Maison;3
Couverture piscine;0;3
Création piscine;3;1
Cumulus;1
Desenfumage;0
Domotiques;0
Elagage / Debroussaillage;2
Entretien Jardin;2
Entretien Piscine;1
Etanchéité;3
Extension Maison;3
Fondation;3;
Gouttière;3
Hamman;1;3
Interphone;0
Lambris;3
Local technique;3;0;1
Papier peint Tapisserie Toile de verre;3
Peinture;3
Plomberie;1
Pluie de lumiere (Vélux);4
Liner;1;3
margelle;3
Prises;0
ReveteMenuiseriet d?oratif;3
Salles de bain;1;3
Sanitaires;1
Sauna;1;3;0
Serrures;4
Store-Volet;4
Surélévation;3
Tableaux électriques;0
Toiture;3;4
Traitement bois charpente;4;3;
Vidéo surveillance;0
Vitrerie;4
VMC;0
W.C;1
Luminaire;0
Parquet;3;4
Carrelage;3
Robineterie;1
Eviers;1
Lavabos;1
Baignoires;1
Douches;1
Pare douche;1
Bac à douche;1
Detecteur de fumée;0
Sonette;0
Parlophone;0
Antennes;0
Baies vitrés;4
Skydome;3;4
Pompes;1
Ravalement de façade;3
Terrasses;3
Crepis;3
Miroiterie;4
Meubles sdb;1
Vasque;1
Seche serviette;1;0
Chasse d&#39;eau;1
Vannes;1
Faience;3
Spots;0
Faux plafond;3
Prises Electriques;0
Meuble cuisine;4;3
Plaque Electrique;0
Machine à laver;1;0
Lave vaiselle;1;0
Réfrigirateur;1;0
Hotte aspirante;0
Crédance;3;4
Plan de travail;3;4
Four;0
Disjoncteur;0
Tableau Electriques;0
Penderie;4;3
Armoire;4
Hifi;0
Placard;4
Radiateurs eau;1
Radiateurs Electrique;0
Dressing;4;3
Rideaux;4
Tringle;4
Serrure;4
Domotique;0
Réseau informatique;0
Matériel informatique;0
Connexion internet;0
Vigik;0
Porte garage;4
Porte incendie;4
Cadre fenetre;4;3
Cadre porte;4;3
Enduits;3
Zinguerie;3;1
Ferronerie;3;3
Debroussaillage;2
Elagage;2
Plantations;2
Tondage;2
Fleurissement;2
Arrosage automatique;2;1;0
Piscine;1;0;3
Jacuzzi;1;3
Panneaux solaires;1;0
Eoliennes;0
Eclairage;0
Luminaires;0
Lampadaire;0